מזהה_תאונה,תאריך,שעה,חלק_יממה,עיר_כביש,סוג_דרך,חומרת_תאונה,מזג_אוויר,עומס_תנועה,קו_רוחב,קו_אורך,מספר_נפגעים,מספר_רכבים_מעורבים
1,10/05/2023,06:47,בוקר,פתח תקווה,עירוני בצומת,קלה,בהיר,עומס בינוני,32.08206,34.89269,3,2
2,09/12/2023,22:01,ערב,באר שבע,עירוני בצומת,קלה,בהיר,עומס קל,31.25293,34.79354,3,2
3,16/11/2023,18:38,אחר הצהריים,ירושלים,עירוני לא בצומת,קלה,ערפל,עומס בינוני,31.76989,35.20908,2,4
4,27/09/2023,08:52,בוקר,אשדוד,עירוני בצומת,קלה,בהיר,עומס כבד,31.79818,34.63856,3,2
5,16/12/2023,06:26,בוקר,כביש 6,לא עירוני לא בצומת,קלה,בהיר,עומס קל,32.06331,35.01238,1,4
6,15/12/2023,05:02,לילה,תל אביב-יפו,עירוני בצומת,קשה,בהיר,עומס בינוני,32.08924,34.78627,3,1
7,19/05/2023,07:09,בוקר,נתניה,עירוני בצומת,קשה,בהיר,עומס קל,32.32314,34.85514,2,3
8,18/03/2023,17:21,אחר הצהריים,באר שבע,עירוני בצומת,קלה,בהיר,עומס כבד,31.25457,34.78696,1,4
9,04/06/2023,15:36,צהריים,ירושלים,עירוני לא בצומת,קלה,בהיר,עומס כבד,31.76769,35.21811,2,4
10,13/10/2023,08:34,בוקר,תל אביב-יפו,עירוני בצומת,קלה,בהיר,עומס קל,32.08873,34.78278,3,4
11,23/02/2023,20:06,ערב,ירושלים,עירוני לא בצומת,קלה,ערפל,עומס בינוני,31.77128,35.21503,1,2
12,24/09/2023,04:40,לילה,פתח תקווה,עירוני בצומת,קלה,ערפל,עומס כבד,32.07982,34.88447,2,2
13,06/11/2023,15:06,צהריים,ירושלים,עירוני לא בצומת,קלה,בהיר,עומס כבד,31.76826,35.21541,1,1
14,10/06/2023,03:00,לילה,ירושלים,עירוני לא בצומת,קלה,בהיר,עומס בינוני,31.77169,35.21181,1,1
15,04/02/2023,17:57,אחר הצהריים,כביש 1,לא עירוני בצומת,קלה,גשום,עומס קל,31.82052,34.989,3,2
16,23/02/2023,01:42,לילה,ירושלים,עירוני בצומת,קטלנית,בהיר,עומס קל,31.76904,35.21068,2,2
17,04/03/2023,21:20,ערב,כביש 1,לא עירוני לא בצומת,קלה,בהיר,עומס בינוני,31.81782,34.9888,2,3
18,07/02/2023,01:08,לילה,ראשון לציון,עירוני בצומת,קלה,בהיר,עומס כבד,31.97282,34.79448,1,1
19,13/06/2023,11:36,בוקר,חיפה,עירוני בצומת,קלה,בהיר,עומס בינוני,32.79554,34.98828,1,4
20,23/09/2023,22:32,ערב,נתניה,עירוני בצומת,קלה,בהיר,עומס בינוני,32.32419,34.85735,3,2
21,22/06/2023,00:35,לילה,ירושלים,עירוני בצומת,קשה,בהיר,עומס קל,31.76658,35.21237,3,1
22,06/08/2023,20:50,ערב,באר שבע,עירוני לא בצומת,קלה,בהיר,עומס כבד,31.25249,34.79561,3,1
23,15/09/2023,20:03,ערב,ראשון לציון,עירוני בצומת,קלה,בהיר,עומס קל,31.97201,34.79534,2,2
24,30/04/2023,21:39,ערב,תל אביב-יפו,עירוני לא בצומת,קלה,גשום,עומס קל,32.08446,34.7772,3,2
25,16/01/2023,13:10,צהריים,חיפה,עירוני בצומת,קלה,בהיר,עומס קל,32.79701,34.99331,3,2
26,08/03/2023,19:04,אחר הצהריים,כביש 1,לא עירוני לא בצומת,קלה,ערפל,עומס קל,31.81673,34.98688,3,4
27,14/04/2023,20:13,ערב,ראשון לציון,עירוני לא בצומת,קשה,בהיר,עומס בינוני,31.9743,34.78777,4,1
28,09/05/2023,20:16,ערב,פתח תקווה,עירוני לא בצומת,קלה,גשום,עומס כבד,32.08388,34.89034,3,4
29,28/03/2023,05:06,לילה,נתניה,עירוני לא בצומת,קשה,ערפל,עומס כבד,32.31695,34.85154,3,3
30,06/06/2023,00:54,לילה,ראשון לציון,עירוני לא בצומת,קלה,בהיר,עומס כבד,31.97792,34.79379,2,4
31,28/09/2023,16:24,אחר הצהריים,באר שבע,עירוני בצומת,קלה,ערפל,עומס קל,31.24851,34.79575,3,4
32,18/03/2023,15:36,צהריים,תל אביב-יפו,עירוני בצומת,קלה,בהיר,עומס בינוני,32.08416,34.77843,1,1
33,03/10/2023,03:17,לילה,תל אביב-יפו,עירוני בצומת,קטלנית,בהיר,עומס בינוני,32.08971,34.78013,1,1
34,21/06/2023,17:34,אחר הצהריים,תל אביב-יפו,עירוני בצומת,קלה,בהיר,עומס קל,32.08781,34.77904,3,3
35,22/11/2023,19:10,אחר הצהריים,חיפה,עירוני לא בצומת,קלה,בהיר,עומס קל,32.79394,34.98629,3,1
36,22/03/2023,01:04,לילה,כביש 6,לא עירוני בצומת,קלה,בהיר,עומס קל,32.057,35.00691,3,2
37,28/01/2023,20:23,ערב,באר שבע,עירוני לא בצומת,קשה,בהיר,עומס בינוני,31.25484,34.79101,3,2
38,08/12/2023,18:51,אחר הצהריים,באר שבע,עירוני בצומת,קטלנית,בהיר,עומס בינוני,31.25278,34.79167,2,3
39,02/11/2023,23:30,לילה,נתניה,עירוני לא בצומת,קלה,ערפל,עומס קל,32.32467,34.85341,3,2
40,14/09/2023,09:01,בוקר,נתניה,עירוני בצומת,קשה,בהיר,עומס כבד,32.31941,34.85059,3,1
41,26/06/2023,07:57,בוקר,כביש 1,לא עירוני בצומת,קלה,ערפל,עומס קל,31.821,34.9836,1,3
42,02/05/2023,02:34,לילה,באר שבע,עירוני לא בצומת,קלה,בהיר,עומס בינוני,31.25343,34.79455,3,1
43,04/11/2023,21:03,ערב,פתח תקווה,עירוני לא בצומת,קלה,גשום,עומס בינוני,32.0833,34.89153,2,3
44,05/04/2023,12:50,צהריים,כביש 6,לא עירוני בצומת,קלה,בהיר,עומס קל,32.05832,35.00919,3,1
45,09/07/2023,11:18,בוקר,כביש 6,לא עירוני בצומת,קלה,גשום,עומס בינוני,32.06433,35.00978,1,3
46,23/11/2023,00:25,לילה,חיפה,עירוני בצומת,קלה,בהיר,עומס קל,32.79029,34.98487,1,3
47,09/01/2023,07:43,בוקר,ראשון לציון,עירוני בצומת,קטלנית,בהיר,עומס קל,31.97566,34.78766,5,4
48,11/03/2023,05:46,לילה,אשדוד,עירוני לא בצומת,קלה,גשום,עומס קל,31.80591,34.64057,1,2
49,04/12/2023,05:21,לילה,ירושלים,עירוני בצומת,קלה,בהיר,עומס בינוני,31.76648,35.21166,2,1
50,25/02/2023,19:24,אחר הצהריים,נתניה,עירוני לא בצומת,קטלנית,גשום,עומס בינוני,32.32315,34.85257,1,1
51,22/10/2023,21:12,ערב,ראשון לציון,עירוני לא בצומת,קלה,בהיר,עומס בינוני,31.97263,34.7908,2,3
52,18/01/2023,04:35,לילה,ירושלים,עירוני לא בצומת,קלה,בהיר,עומס קל,31.76903,35.21858,3,2
53,11/10/2023,14:31,צהריים,כביש 1,לא עירוני לא בצומת,קלה,גשום,עומס בינוני,31.82604,34.98551,3,2
54,24/10/2023,22:15,ערב,חיפה,עירוני לא בצומת,קלה,בהיר,עומס כבד,32.78985,34.98825,3,3
55,31/03/2023,18:57,אחר הצהריים,נתניה,עירוני לא בצומת,קלה,בהיר,עומס קל,32.31946,34.8547,2,4
56,20/03/2023,00:53,לילה,אשדוד,עירוני לא בצומת,קלה,בהיר,עומס קל,31.80573,34.6418,3,2
57,09/12/2023,12:23,צהריים,חיפה,עירוני בצומת,קלה,גשום,עומס בינוני,32.79685,34.99092,3,3
58,11/08/2023,14:43,צהריים,אשדוד,עירוני בצומת,קלה,בהיר,עומס בינוני,31.80631,34.63906,3,2
59,10/08/2023,22:57,ערב,ראשון לציון,עירוני לא בצומת,קלה,בהיר,עומס קל,31.96871,34.79327,1,4
60,25/05/2023,02:26,לילה,נתניה,עירוני לא בצומת,קלה,גשום,עומס כבד,32.317,34.85397,2,1
61,08/10/2023,19:04,אחר הצהריים,פתח תקווה,עירוני לא בצומת,קלה,בהיר,עומס קל,32.08346,34.88456,1,2
62,27/07/2023,18:11,אחר הצהריים,נתניה,עירוני בצומת,קלה,גשום,עומס כבד,32.32596,34.84875,1,3
63,22/09/2023,07:59,בוקר,נתניה,עירוני בצומת,קלה,בהיר,עומס קל,32.32098,34.85599,1,4
64,30/07/2023,10:08,בוקר,חיפה,עירוני לא בצומת,קלה,ערפל,עומס כבד,32.79641,34.98616,1,3
65,15/02/2023,16:45,אחר הצהריים,באר שבע,עירוני לא בצומת,קלה,ערפל,עומס בינוני,31.2492,34.79239,2,2
66,22/05/2023,10:30,בוקר,ירושלים,עירוני בצומת,קשה,בהיר,עומס בינוני,31.76764,35.21581,4,1
67,26/07/2023,05:23,לילה,כביש 6,לא עירוני לא בצומת,קלה,בהיר,עומס כבד,32.05976,35.0084,1,1
68,23/01/2023,05:29,לילה,נתניה,עירוני בצומת,קלה,ערפל,עומס כבד,32.31765,34.85596,2,4
69,04/02/2023,17:57,אחר הצהריים,ירושלים,עירוני לא בצומת,קשה,בהיר,עומס בינוני,31.76777,35.21195,2,3
70,29/11/2023,08:51,בוקר,ראשון לציון,עירוני בצומת,קלה,בהיר,עומס כבד,31.97504,34.79378,2,1
71,29/07/2023,14:52,צהריים,כביש 6,לא עירוני לא בצומת,קלה,ערפל,עומס בינוני,32.06258,35.00661,1,3
72,24/01/2023,20:01,ערב,ראשון לציון,עירוני לא בצומת,קשה,בהיר,עומס בינוני,31.9689,34.79491,3,3
73,04/10/2023,13:27,צהריים,אשדוד,עירוני לא בצומת,קלה,בהיר,עומס כבד,31.80509,34.64832,1,4
74,08/02/2023,18:18,אחר הצהריים,כביש 1,לא עירוני בצומת,קלה,בהיר,עומס בינוני,31.82164,34.98937,3,4
75,03/08/2023,17:30,אחר הצהריים,ראשון לציון,עירוני בצומת,קלה,בהיר,עומס כבד,31.97383,34.79424,2,3
76,22/11/2023,07:47,בוקר,פתח תקווה,עירוני בצומת,קלה,בהיר,עומס בינוני,32.08083,34.89185,3,2
77,31/07/2023,18:33,אחר הצהריים,נתניה,עירוני לא בצומת,קלה,ערפל,עומס קל,32.31699,34.85414,1,1
78,05/04/2023,01:27,לילה,אשדוד,עירוני בצומת,קלה,בהיר,עומס בינוני,31.79848,34.6395,2,3
79,10/09/2023,22:40,ערב,נתניה,עירוני לא בצומת,קשה,בהיר,עומס כבד,32.31661,34.84936,4,3
80,20/11/2023,07:36,בוקר,ירושלים,עירוני לא בצומת,קלה,בהיר,עומס קל,31.76909,35.21762,3,2
81,04/01/2023,09:28,בוקר,חיפה,עירוני לא בצומת,קלה,בהיר,עומס קל,32.7978,34.98873,1,1
82,09/04/2023,22:50,ערב,ירושלים,עירוני בצומת,קלה,בהיר,עומס קל,31.76929,35.21097,3,1
83,27/05/2023,22:46,ערב,פתח תקווה,עירוני בצומת,קלה,בהיר,עומס קל,32.08495,34.88675,1,4
84,25/07/2023,01:22,לילה,ירושלים,עירוני לא בצומת,קלה,בהיר,עומס כבד,31.7671,35.21764,3,2
85,08/03/2023,15:34,צהריים,אשדוד,עירוני לא בצומת,קלה,גשום,עומס בינוני,31.80213,34.64418,2,1
86,04/01/2023,03:20,לילה,תל אביב-יפו,עירוני בצומת,קטלנית,בהיר,עומס קל,32.0828,34.78599,2,1
87,16/01/2023,08:47,בוקר,ירושלים,עירוני בצומת,קלה,בהיר,עומס קל,31.77323,35.21412,1,4
88,08/11/2023,22:17,ערב,פתח תקווה,עירוני לא בצומת,קלה,בהיר,עומס בינוני,32.08312,34.89186,1,4
89,08/12/2023,06:36,בוקר,תל אביב-יפו,עירוני בצומת,קלה,בהיר,עומס קל,32.08453,34.78613,1,1
90,27/05/2023,12:15,צהריים,כביש 6,לא עירוני לא בצומת,קלה,בהיר,עומס קל,32.06478,35.00863,1,2
91,05/12/2023,22:32,ערב,כביש 6,לא עירוני בצומת,קלה,בהיר,עומס קל,32.06147,35.00806,2,4
92,28/09/2023,00:38,לילה,באר שבע,עירוני לא בצומת,קלה,גשום,עומס קל,31.25356,34.79398,1,1
93,21/07/2023,20:16,ערב,תל אביב-יפו,עירוני בצומת,קלה,ערפל,עומס קל,32.08135,34.77991,2,3
94,08/12/2023,01:20,לילה,אשדוד,עירוני בצומת,קלה,בהיר,עומס כבד,31.80324,34.64063,1,2
95,25/09/2023,14:49,צהריים,תל אביב-יפו,עירוני בצומת,קלה,בהיר,עומס בינוני,32.08392,34.77942,2,4
96,08/06/2023,08:57,בוקר,כביש 6,לא עירוני לא בצומת,קלה,בהיר,עומס כבד,32.06289,35.01201,1,4
97,05/08/2023,15:03,צהריים,נתניה,עירוני לא בצומת,קלה,בהיר,עומס קל,32.31955,34.84979,3,2
98,02/10/2023,01:53,לילה,ירושלים,עירוני בצומת,קלה,בהיר,עומס כבד,31.76417,35.21746,1,2
99,23/08/2023,21:03,ערב,חיפה,עירוני בצומת,קלה,בהיר,עומס קל,32.79661,34.99432,2,2
100,19/05/2023,09:47,בוקר,ראשון לציון,עירוני לא בצומת,קלה,בהיר,עומס קל,31.97597,34.79378,3,4
101,16/08/2023,15:36,צהריים,כביש 6,לא עירוני לא בצומת,קלה,בהיר,עומס קל,32.05848,35.01238,1,4
102,12/04/2023,08:39,בוקר,ירושלים,עירוני לא בצומת,קשה,בהיר,עומס בינוני,31.76962,35.20879,2,3
103,01/10/2023,04:51,לילה,כביש 6,לא עירוני בצומת,קשה,בהיר,עומס קל,32.06099,35.01524,3,1
104,28/01/2023,06:22,בוקר,ירושלים,עירוני בצומת,קשה,בהיר,עומס בינוני,31.76778,35.2088,2,4
105,23/01/2023,15:07,צהריים,פתח תקווה,עירוני לא בצומת,קלה,ערפל,עומס בינוני,32.08206,34.88453,3,1
106,20/02/2023,04:30,לילה,ירושלים,עירוני לא בצומת,קלה,בהיר,עומס בינוני,31.77083,35.21144,3,3
107,25/06/2023,19:41,אחר הצהריים,תל אביב-יפו,עירוני לא בצומת,קלה,בהיר,עומס קל,32.08177,34.77859,3,2
108,31/07/2023,13:17,צהריים,תל אביב-יפו,עירוני בצומת,קלה,בהיר,עומס קל,32.08206,34.77827,3,4
109,09/08/2023,05:47,לילה,אשדוד,עירוני בצומת,קלה,בהיר,עומס קל,31.80612,34.64131,2,3
110,20/01/2023,09:09,בוקר,נתניה,עירוני לא בצומת,קלה,בהיר,עומס קל,32.31882,34.85187,3,3
111,26/10/2023,04:02,לילה,תל אביב-יפו,עירוני לא בצומת,קלה,בהיר,עומס בינוני,32.08541,34.77847,1,4
112,08/10/2023,00:40,לילה,ראשון לציון,עירוני בצומת,קלה,בהיר,עומס קל,31.97632,34.79714,3,4
113,10/08/2023,06:18,בוקר,אשדוד,עירוני לא בצומת,קלה,בהיר,עומס בינוני,31.80245,34.64427,1,2
114,11/11/2023,20:22,ערב,פתח תקווה,עירוני לא בצומת,קלה,בהיר,עומס בינוני,32.08795,34.88591,2,2
115,27/10/2023,01:56,לילה,כביש 1,לא עירוני בצומת,קלה,בהיר,עומס בינוני,31.82327,34.98588,3,1
116,03/09/2023,19:51,אחר הצהריים,ירושלים,עירוני בצומת,קשה,גשום,עומס בינוני,31.77063,35.21844,1,3
117,27/03/2023,19:28,אחר הצהריים,כביש 6,לא עירוני בצומת,קלה,גשום,עומס בינוני,32.05953,35.01258,3,4
118,06/10/2023,06:37,בוקר,נתניה,עירוני בצומת,קלה,ערפל,עומס בינוני,32.32072,34.85728,2,2
119,05/08/2023,19:26,אחר הצהריים,באר שבע,עירוני לא בצומת,קשה,ערפל,עומס כבד,31.25193,34.78679,1,1
120,26/07/2023,01:53,לילה,אשדוד,עירוני לא בצומת,קלה,בהיר,עומס קל,31.80368,34.63982,3,4
121,15/06/2023,09:09,בוקר,אשדוד,עירוני בצומת,קלה,בהיר,עומס כבד,31.80163,34.64831,2,1
122,13/04/2023,23:11,לילה,פתח תקווה,עירוני לא בצומת,קלה,בהיר,עומס בינוני,32.08788,34.88609,2,2
123,09/11/2023,18:26,אחר הצהריים,אשדוד,עירוני לא בצומת,קלה,בהיר,עומס קל,31.80382,34.64504,3,1
124,26/04/2023,18:40,אחר הצהריים,ירושלים,עירוני בצומת,קלה,בהיר,עומס קל,31.76358,35.21267,1,3
125,22/05/2023,13:07,צהריים,תל אביב-יפו,עירוני לא בצומת,קשה,בהיר,עומס כבד,32.08104,34.78572,1,2
126,21/04/2023,16:01,אחר הצהריים,כביש 6,לא עירוני לא בצומת,קלה,ערפל,עומס כבד,32.06275,35.01577,2,3
127,20/12/2023,02:25,לילה,באר שבע,עירוני לא בצומת,קלה,בהיר,עומס קל,31.25205,34.79512,1,2
128,15/09/2023,20:56,ערב,כביש 1,לא עירוני לא בצומת,קלה,בהיר,עומס בינוני,31.81952,34.98698,3,2
129,24/01/2023,02:30,לילה,אשדוד,עירוני לא בצומת,קלה,בהיר,עומס כבד,31.80572,34.64034,2,2
130,27/01/2023,07:35,בוקר,אשדוד,עירוני לא בצומת,קלה,בהיר,עומס בינוני,31.79907,34.63919,2,2
131,15/01/2023,23:09,לילה,כביש 6,לא עירוני בצומת,קלה,בהיר,עומס קל,32.06016,35.01282,2,4
132,16/02/2023,19:54,אחר הצהריים,נתניה,עירוני לא בצומת,קשה,בהיר,עומס קל,32.31766,34.85289,4,1
133,05/09/2023,04:16,לילה,באר שבע,עירוני לא בצומת,קשה,בהיר,עומס כבד,31.25476,34.7945,4,4
134,05/08/2023,00:10,לילה,חיפה,עירוני בצומת,קלה,בהיר,עומס בינוני,32.79516,34.98779,1,3
135,04/12/2023,13:14,צהריים,פתח תקווה,עירוני לא בצומת,קלה,בהיר,עומס בינוני,32.0849,34.89046,3,2
136,26/06/2023,22:50,ערב,באר שבע,עירוני לא בצומת,קשה,בהיר,עומס כבד,31.25575,34.78664,2,4
137,22/01/2023,04:04,לילה,אשדוד,עירוני לא בצומת,קלה,בהיר,עומס בינוני,31.79911,34.64066,1,1
138,17/11/2023,19:09,אחר הצהריים,באר שבע,עירוני בצומת,קשה,בהיר,עומס בינוני,31.25082,34.795,4,3
139,02/05/2023,10:27,בוקר,נתניה,עירוני בצומת,קלה,ערפל,עומס כבד,32.32501,34.85144,3,3
140,08/04/2023,05:39,לילה,תל אביב-יפו,עירוני לא בצומת,קלה,בהיר,עומס קל,32.08416,34.78025,3,4
141,10/01/2023,03:52,לילה,ירושלים,עירוני לא בצומת,קלה,בהיר,עומס כבד,31.77258,35.21531,1,3
142,05/07/2023,15:20,צהריים,ראשון לציון,עירוני בצומת,קלה,בהיר,עומס בינוני,31.97454,34.79257,2,1
143,25/06/2023,08:18,בוקר,אשדוד,עירוני לא בצומת,קלה,גשום,עומס קל,31.79892,34.64561,2,4
144,28/07/2023,23:06,לילה,ראשון לציון,עירוני לא בצומת,קלה,גשום,עומס כבד,31.97792,34.79082,2,4
145,15/10/2023,15:45,צהריים,תל אביב-יפו,עירוני בצומת,קלה,בהיר,עומס כבד,32.08929,34.77987,1,2
146,06/05/2023,04:40,לילה,חיפה,עירוני בצומת,קשה,גשום,עומס בינוני,32.79732,34.98714,4,3
147,05/02/2023,00:05,לילה,ירושלים,עירוני לא בצומת,קלה,בהיר,עומס כבד,31.76816,35.21537,3,4
148,02/12/2023,19:12,אחר הצהריים,ירושלים,עירוני לא בצומת,קלה,בהיר,עומס כבד,31.76719,35.21439,1,4
149,08/04/2023,11:47,בוקר,כביש 1,לא עירוני בצומת,קשה,גשום,עומס כבד,31.82236,34.98996,4,4
150,26/01/2023,15:49,צהריים,ירושלים,עירוני בצומת,קשה,ערפל,עומס קל,31.7681,35.21128,1,3
151,08/07/2023,15:10,צהריים,פתח תקווה,עירוני לא בצומת,קלה,בהיר,עומס קל,32.08361,34.88724,3,3
152,25/03/2023,04:24,לילה,פתח תקווה,עירוני בצומת,קלה,בהיר,עומס כבד,32.08154,34.88314,3,3
153,14/05/2023,17:39,אחר הצהריים,נתניה,עירוני בצומת,קלה,בהיר,עומס כבד,32.32028,34.85799,1,3
154,30/11/2023,21:38,ערב,באר שבע,עירוני בצומת,קשה,בהיר,עומס בינוני,31.24848,34.79065,3,4
155,28/12/2023,18:02,אחר הצהריים,כביש 6,לא עירוני לא בצומת,קלה,גשום,עומס בינוני,32.06487,35.01536,3,2
156,20/01/2023,14:24,צהריים,ירושלים,עירוני בצומת,קלה,גשום,עומס קל,31.76938,35.20953,3,2
157,03/07/2023,15:09,צהריים,ראשון לציון,עירוני לא בצומת,קשה,בהיר,עומס כבד,31.9751,34.78825,4,4
158,05/03/2023,14:52,צהריים,ירושלים,עירוני בצומת,קלה,גשום,עומס קל,31.76332,35.20977,2,1
159,07/08/2023,12:36,צהריים,פתח תקווה,עירוני בצומת,קלה,בהיר,עומס קל,32.08497,34.88801,1,4
160,26/08/2023,23:31,לילה,תל אביב-יפו,עירוני לא בצומת,קלה,גשום,עומס קל,32.08913,34.78361,1,1
161,19/02/2023,14:29,צהריים,אשדוד,עירוני בצומת,קשה,בהיר,עומס כבד,31.79842,34.64236,4,4
162,11/10/2023,20:39,ערב,פתח תקווה,עירוני בצומת,קלה,בהיר,עומס כבד,32.08572,34.88413,3,1
163,31/01/2023,16:42,אחר הצהריים,פתח תקווה,עירוני בצומת,קלה,בהיר,עומס בינוני,32.08087,34.89222,2,1
164,24/04/2023,18:29,אחר הצהריים,תל אביב-יפו,עירוני לא בצומת,קלה,בהיר,עומס כבד,32.08572,34.7856,3,1
165,20/04/2023,04:59,לילה,פתח תקווה,עירוני לא בצומת,קשה,בהיר,עומס בינוני,32.08233,34.88385,2,1
166,26/01/2023,21:05,ערב,פתח תקווה,עירוני לא בצומת,קלה,בהיר,עומס כבד,32.08356,34.89247,3,3
167,27/12/2023,17:30,אחר הצהריים,ירושלים,עירוני בצומת,קלה,ערפל,עומס בינוני,31.77246,35.21559,2,2
168,17/07/2023,14:39,צהריים,כביש 1,לא עירוני בצומת,קלה,בהיר,עומס קל,31.81793,34.98952,1,2
169,27/08/2023,19:40,אחר הצהריים,כביש 6,לא עירוני בצומת,קלה,בהיר,עומס בינוני,32.06244,35.01505,2,1
170,15/10/2023,02:36,לילה,ראשון לציון,עירוני לא בצומת,קלה,בהיר,עומס בינוני,31.97694,34.79556,1,4
171,17/07/2023,02:24,לילה,חיפה,עירוני לא בצומת,קלה,בהיר,עומס כבד,32.79263,34.98598,1,2
172,24/08/2023,21:35,ערב,חיפה,עירוני בצומת,קלה,בהיר,עומס כבד,32.79787,34.99446,1,3
173,29/09/2023,04:40,לילה,ראשון לציון,עירוני בצומת,קלה,ערפל,עומס בינוני,31.97583,34.79443,1,1
174,15/03/2023,09:38,בוקר,באר שבע,עירוני בצומת,קלה,בהיר,עומס בינוני,31.25292,34.78988,2,1
175,30/03/2023,14:55,צהריים,פתח תקווה,עירוני לא בצומת,קשה,בהיר,עומס קל,32.08764,34.88331,4,1
176,01/03/2023,20:38,ערב,ירושלים,עירוני לא בצומת,קלה,בהיר,עומס בינוני,31.76682,35.21383,1,2
177,08/10/2023,19:04,אחר הצהריים,כביש 1,לא עירוני בצומת,קלה,גשום,עומס בינוני,31.82147,34.99003,2,2
178,16/07/2023,14:08,צהריים,כביש 6,לא עירוני בצומת,קלה,גשום,עומס כבד,32.05946,35.01267,3,1
179,06/05/2023,01:10,לילה,כביש 6,לא עירוני לא בצומת,קלה,בהיר,עומס בינוני,32.06639,35.00804,1,1
180,21/06/2023,00:56,לילה,תל אביב-יפו,עירוני לא בצומת,קלה,בהיר,עומס קל,32.08382,34.78271,1,4
181,03/04/2023,14:24,צהריים,נתניה,עירוני בצומת,קשה,בהיר,עומס כבד,32.31683,34.85596,3,4
182,04/08/2023,08:24,בוקר,פתח תקווה,עירוני בצומת,קלה,בהיר,עומס כבד,32.08146,34.88684,2,1
183,06/04/2023,06:21,בוקר,תל אביב-יפו,עירוני בצומת,קלה,בהיר,עומס כבד,32.08236,34.78208,2,3
184,19/07/2023,20:06,ערב,כביש 1,לא עירוני בצומת,קלה,בהיר,עומס כבד,31.81954,34.98558,3,1
185,02/06/2023,17:11,אחר הצהריים,פתח תקווה,עירוני לא בצומת,קלה,בהיר,עומס כבד,32.08428,34.88647,3,4
186,09/12/2023,20:16,ערב,אשדוד,עירוני לא בצומת,קלה,ערפל,עומס בינוני,31.80307,34.64461,3,2
187,05/08/2023,22:04,ערב,חיפה,עירוני בצומת,קלה,בהיר,עומס בינוני,32.78951,34.99317,2,2
188,10/12/2023,15:32,צהריים,ראשון לציון,עירוני בצומת,קלה,בהיר,עומס קל,31.9732,34.79417,1,1
189,17/01/2023,07:34,בוקר,פתח תקווה,עירוני לא בצומת,קשה,בהיר,עומס בינוני,32.07901,34.89014,4,3
190,23/08/2023,17:33,אחר הצהריים,ראשון לציון,עירוני לא בצומת,קלה,בהיר,עומס כבד,31.97166,34.78881,2,2
191,26/05/2023,15:14,צהריים,ראשון לציון,עירוני בצומת,קלה,בהיר,עומס בינוני,31.97221,34.79125,2,2
192,10/04/2023,07:35,בוקר,ירושלים,עירוני לא בצומת,קלה,ערפל,עומס כבד,31.76503,35.21114,3,1
193,22/10/2023,11:34,בוקר,ירושלים,עירוני בצומת,קלה,ערפל,עומס בינוני,31.76819,35.21153,3,1
194,05/05/2023,00:38,לילה,חיפה,עירוני לא בצומת,קלה,בהיר,עומס קל,32.79635,34.98958,1,1
195,18/01/2023,23:52,לילה,ירושלים,עירוני לא בצומת,קלה,בהיר,עומס קל,31.77326,35.2112,1,3
196,24/09/2023,06:25,בוקר,באר שבע,עירוני בצומת,קלה,בהיר,עומס קל,31.25728,34.78796,3,4
197,16/06/2023,07:55,בוקר,ראשון לציון,עירוני בצומת,קלה,בהיר,עומס קל,31.97034,34.7953,2,1
198,03/03/2023,10:18,בוקר,חיפה,עירוני לא בצומת,קשה,בהיר,עומס כבד,32.7942,34.9888,4,3
199,01/10/2023,15:22,צהריים,תל אביב-יפו,עירוני לא בצומת,קלה,בהיר,עומס כבד,32.08368,34.78166,2,3
200,31/12/2023,03:51,לילה,אשדוד,עירוני לא בצומת,קלה,בהיר,עומס כבד,31.79646,34.64451,2,3
201,01/12/2023,08:09,בוקר,תל אביב-יפו,עירוני לא בצומת,קלה,בהיר,עומס קל,32.08446,34.78609,2,4
202,06/02/2023,12:00,צהריים,ירושלים,עירוני לא בצומת,קשה,בהיר,עומס קל,31.76431,35.217,1,3
203,24/07/2023,20:06,ערב,חיפה,עירוני בצומת,קשה,בהיר,עומס קל,32.79448,34.98548,4,2
204,17/06/2023,22:28,ערב,ירושלים,עירוני בצומת,קלה,ערפל,עומס כבד,31.7641,35.21314,2,2
205,01/08/2023,12:56,צהריים,באר שבע,עירוני בצומת,קשה,בהיר,עומס קל,31.24844,34.78857,4,3
206,17/05/2023,07:51,בוקר,אשדוד,עירוני לא בצומת,קלה,ערפל,עומס כבד,31.79715,34.63886,2,1
207,19/01/2023,20:53,ערב,ירושלים,עירוני לא בצומת,קלה,גשום,עומס בינוני,31.77063,35.21019,2,1
208,06/12/2023,07:17,בוקר,אשדוד,עירוני לא בצומת,קלה,בהיר,עומס קל,31.80508,34.64687,1,1
209,15/05/2023,17:18,אחר הצהריים,אשדוד,עירוני לא בצומת,קלה,בהיר,עומס בינוני,31.80581,34.64772,2,4
210,04/09/2023,04:37,לילה,באר שבע,עירוני בצומת,קלה,בהיר,עומס בינוני,31.25,34.79211,2,3
211,05/03/2023,13:59,צהריים,נתניה,עירוני לא בצומת,קלה,בהיר,עומס בינוני,32.31837,34.85362,1,2
212,16/01/2023,12:18,צהריים,כביש 1,לא עירוני לא בצומת,קלה,בהיר,עומס קל,31.82111,34.98077,3,2
213,21/02/2023,06:46,בוקר,אשדוד,עירוני לא בצומת,קלה,בהיר,עומס קל,31.80341,34.63912,1,4
214,01/04/2023,18:36,אחר הצהריים,אשדוד,עירוני בצומת,קשה,בהיר,עומס בינוני,31.8047,34.64598,2,2
215,03/09/2023,12:51,צהריים,חיפה,עירוני לא בצומת,קלה,ערפל,עומס כבד,32.78911,34.99429,1,1
216,03/12/2023,18:51,אחר הצהריים,כביש 6,לא עירוני בצומת,קלה,ערפל,עומס קל,32.0583,35.01516,3,3
217,10/11/2023,17:13,אחר הצהריים,כביש 1,לא עירוני בצומת,קלה,בהיר,עומס קל,31.81943,34.98995,3,1
218,18/12/2023,13:37,צהריים,אשדוד,עירוני לא בצומת,קלה,בהיר,עומס קל,31.80528,34.64732,3,2
219,10/10/2023,07:51,בוקר,ראשון לציון,עירוני לא בצומת,קשה,ערפל,עומס כבד,31.97508,34.7886,2,3
220,24/04/2023,14:59,צהריים,נתניה,עירוני בצומת,קלה,גשום,עומס כבד,32.32491,34.85668,1,4
221,22/05/2023,06:07,בוקר,אשדוד,עירוני לא בצומת,קלה,בהיר,עומס כבד,31.80022,34.64456,3,4
222,13/08/2023,05:16,לילה,חיפה,עירוני בצומת,קלה,בהיר,עומס קל,32.79398,34.99211,1,2
223,08/02/2023,00:47,לילה,נתניה,עירוני בצומת,קלה,בהיר,עומס כבד,32.32047,34.8551,2,4
224,26/03/2023,15:26,צהריים,כביש 6,לא עירוני לא בצומת,קלה,גשום,עומס כבד,32.05879,35.01639,3,4
225,26/05/2023,02:58,לילה,תל אביב-יפו,עירוני בצומת,קלה,בהיר,עומס כבד,32.08624,34.78088,1,3
226,30/01/2023,13:33,צהריים,ראשון לציון,עירוני לא בצומת,קלה,בהיר,עומס בינוני,31.96923,34.78914,1,1
227,26/01/2023,16:42,אחר הצהריים,נתניה,עירוני בצומת,קלה,ערפל,עומס קל,32.31815,34.85794,3,1
228,20/09/2023,08:41,בוקר,כביש 1,לא עירוני לא בצומת,קלה,גשום,עומס קל,31.82069,34.9825,2,1
229,06/11/2023,12:28,צהריים,אשדוד,עירוני לא בצומת,קלה,בהיר,עומס כבד,31.80167,34.63987,1,4
230,05/07/2023,17:57,אחר הצהריים,ראשון לציון,עירוני לא בצומת,קלה,בהיר,עומס כבד,31.97359,34.79717,2,4
231,01/01/2023,12:15,צהריים,נתניה,עירוני לא בצומת,קשה,בהיר,עומס בינוני,32.31833,34.84909,4,3
232,11/01/2023,02:39,לילה,באר שבע,עירוני בצומת,קשה,בהיר,עומס כבד,31.25458,34.78945,2,1
233,17/03/2023,10:41,בוקר,חיפה,עירוני בצומת,קטלנית,בהיר,עומס כבד,32.79873,34.9867,4,1
234,01/03/2023,11:52,בוקר,פתח תקווה,עירוני בצומת,קלה,בהיר,עומס קל,32.08581,34.88904,3,1
235,26/09/2023,09:13,בוקר,תל אביב-יפו,עירוני לא בצומת,קלה,בהיר,עומס בינוני,32.08667,34.7834,2,2
236,30/08/2023,23:52,לילה,חיפה,עירוני בצומת,קלה,בהיר,עומס כבד,32.79691,34.99168,1,3
237,25/05/2023,07:42,בוקר,אשדוד,עירוני לא בצומת,קלה,בהיר,עומס בינוני,31.80065,34.64479,2,1
238,05/06/2023,02:07,לילה,חיפה,עירוני בצומת,קלה,גשום,עומס בינוני,32.78981,34.99131,3,3
239,27/08/2023,22:17,ערב,כביש 6,לא עירוני בצומת,קלה,בהיר,עומס כבד,32.06424,35.01431,2,1
240,11/08/2023,12:58,צהריים,כביש 1,לא עירוני בצומת,קלה,בהיר,עומס כבד,31.82117,34.98723,2,3
241,15/01/2023,23:09,לילה,כביש 1,לא עירוני לא בצומת,קלה,בהיר,עומס כבד,31.82495,34.98575,1,4
242,12/08/2023,07:22,בוקר,ירושלים,עירוני בצומת,קלה,בהיר,עומס קל,31.7728,35.20982,3,1
243,15/11/2023,05:50,לילה,נתניה,עירוני בצומת,קלה,בהיר,עומס כבד,32.3188,34.85347,2,3
244,27/01/2023,11:58,בוקר,פתח תקווה,עירוני לא בצומת,קלה,בהיר,עומס בינוני,32.08123,34.88738,1,1
245,15/12/2023,14:40,צהריים,כביש 6,לא עירוני בצומת,קלה,ערפל,עומס בינוני,32.06552,35.01161,2,1
246,12/12/2023,06:05,בוקר,פתח תקווה,עירוני בצומת,קלה,בהיר,עומס בינוני,32.08137,34.89018,2,4
247,26/06/2023,21:05,ערב,חיפה,עירוני לא בצומת,קשה,בהיר,עומס קל,32.79721,34.98998,3,4
248,15/12/2023,20:48,ערב,ראשון לציון,עירוני לא בצומת,קלה,בהיר,עומס כבד,31.97579,34.78755,1,3
249,05/01/2023,07:22,בוקר,תל אביב-יפו,עירוני לא בצומת,קשה,בהיר,עומס בינוני,32.08043,34.78354,3,1
250,22/10/2023,01:55,לילה,תל אביב-יפו,עירוני לא בצומת,קלה,בהיר,עומס כבד,32.08094,34.77987,1,1
251,08/08/2023,02:37,לילה,נתניה,עירוני לא בצומת,קלה,בהיר,עומס כבד,32.32253,34.85783,2,4
252,28/10/2023,02:28,לילה,תל אביב-יפו,עירוני בצומת,קלה,גשום,עומס כבד,32.08084,34.78001,1,4
253,09/06/2023,07:44,בוקר,באר שבע,עירוני לא בצומת,קשה,בהיר,עומס כבד,31.25124,34.78822,4,4
254,02/03/2023,05:24,לילה,כביש 6,לא עירוני בצומת,קלה,בהיר,עומס בינוני,32.06065,35.00876,2,1
255,05/09/2023,13:01,צהריים,ראשון לציון,עירוני לא בצומת,קלה,גשום,עומס בינוני,31.96801,34.78752,3,1
256,20/12/2023,20:49,ערב,כביש 1,לא עירוני לא בצומת,קלה,בהיר,עומס קל,31.8225,34.98961,1,2
257,30/10/2023,08:47,בוקר,כביש 6,לא עירוני בצומת,קלה,גשום,עומס כבד,32.05902,35.01227,1,1
258,10/01/2023,21:23,ערב,פתח תקווה,עירוני לא בצומת,קלה,בהיר,עומס בינוני,32.08383,34.88357,3,2
259,11/02/2023,06:45,בוקר,כביש 6,לא עירוני לא בצומת,קלה,ערפל,עומס כבד,32.05866,35.0144,2,1
260,06/08/2023,03:19,לילה,חיפה,עירוני לא בצומת,קלה,בהיר,עומס בינוני,32.79352,34.99346,3,4
261,04/12/2023,11:29,בוקר,כביש 1,לא עירוני בצומת,קלה,בהיר,עומס כבד,31.82229,34.98181,3,3
262,18/02/2023,01:41,לילה,פתח תקווה,עירוני לא בצומת,קלה,בהיר,עומס קל,32.08636,34.88686,3,4
263,13/12/2023,01:21,לילה,ראשון לציון,עירוני בצומת,קלה,בהיר,עומס כבד,31.97645,34.79609,1,4
264,04/12/2023,01:51,לילה,כביש 6,לא עירוני בצומת,קלה,בהיר,עומס קל,32.06088,35.01056,2,2
265,23/11/2023,14:26,צהריים,חיפה,עירוני בצומת,קשה,בהיר,עומס קל,32.78961,34.98803,3,1
266,21/11/2023,06:23,בוקר,חיפה,עירוני לא בצומת,קשה,בהיר,עומס בינוני,32.79659,34.98645,1,4
267,27/06/2023,15:29,צהריים,ראשון לציון,עירוני בצומת,קלה,בהיר,עומס בינוני,31.97765,34.7946,1,2
268,21/09/2023,04:50,לילה,פתח תקווה,עירוני בצומת,קלה,בהיר,עומס כבד,32.08879,34.8926,2,3
269,14/03/2023,12:36,צהריים,ראשון לציון,עירוני לא בצומת,קלה,בהיר,עומס כבד,31.97257,34.79421,1,2
270,23/09/2023,03:15,לילה,פתח תקווה,עירוני בצומת,קלה,גשום,עומס קל,32.07963,34.88547,1,1
271,08/05/2023,03:06,לילה,נתניה,עירוני בצומת,קלה,ערפל,עומס כבד,32.31747,34.85449,1,2
272,08/08/2023,21:01,ערב,אשדוד,עירוני לא בצומת,קשה,בהיר,עומס קל,31.79905,34.64435,1,2
273,07/09/2023,09:42,בוקר,תל אביב-יפו,עירוני לא בצומת,קלה,ערפל,עומס קל,32.08359,34.78355,1,3
274,27/04/2023,23:34,לילה,כביש 1,לא עירוני לא בצומת,קשה,בהיר,עומס בינוני,31.81789,34.99028,2,1
275,17/08/2023,12:38,צהריים,באר שבע,עירוני לא בצומת,קלה,בהיר,עומס כבד,31.25231,34.7872,1,2
276,26/06/2023,00:04,לילה,חיפה,עירוני לא בצומת,קשה,ערפל,עומס קל,32.7908,34.98934,4,2
277,28/09/2023,03:16,לילה,כביש 1,לא עירוני בצומת,קלה,ערפל,עומס בינוני,31.81778,34.98986,2,1
278,13/05/2023,16:15,אחר הצהריים,כביש 6,לא עירוני בצומת,קלה,בהיר,עומס קל,32.05912,35.01394,3,3
279,08/10/2023,06:48,בוקר,ראשון לציון,עירוני לא בצומת,קלה,בהיר,עומס בינוני,31.97412,34.79105,3,4
280,16/01/2023,10:32,בוקר,ירושלים,עירוני לא בצומת,קלה,ערפל,עומס בינוני,31.77134,35.21632,2,1
281,14/04/2023,14:57,צהריים,פתח תקווה,עירוני בצומת,קלה,בהיר,עומס בינוני,32.08149,34.88862,1,3
282,09/07/2023,06:03,בוקר,כביש 6,לא עירוני בצומת,קשה,גשום,עומס כבד,32.05847,35.00843,1,3
283,11/01/2023,22:48,ערב,פתח תקווה,עירוני בצומת,קשה,בהיר,עומס קל,32.08759,34.88792,1,4
284,17/11/2023,01:38,לילה,ראשון לציון,עירוני לא בצומת,קלה,בהיר,עומס קל,31.97342,34.79254,1,4
285,11/04/2023,03:44,לילה,ראשון לציון,עירוני בצומת,קלה,בהיר,עומס כבד,31.96989,34.78805,3,1
286,09/03/2023,06:28,בוקר,באר שבע,עירוני בצומת,קלה,גשום,עומס כבד,31.25233,34.79364,3,1
287,02/06/2023,17:11,אחר הצהריים,אשדוד,עירוני לא בצומת,קלה,בהיר,עומס כבד,31.79809,34.63988,2,2
288,31/10/2023,07:33,בוקר,כביש 1,לא עירוני בצומת,קלה,בהיר,עומס קל,31.82575,34.98729,3,4
289,27/03/2023,23:51,לילה,כביש 1,לא עירוני לא בצומת,קלה,בהיר,עומס כבד,31.82024,34.98953,3,4
290,31/08/2023,19:09,אחר הצהריים,כביש 1,לא עירוני לא בצומת,קלה,בהיר,עומס קל,31.82522,34.98949,3,4
291,30/10/2023,06:09,בוקר,נתניה,עירוני בצומת,קלה,בהיר,עומס כבד,32.32182,34.84947,2,1
292,08/08/2023,23:39,לילה,ראשון לציון,עירוני בצומת,קלה,גשום,עומס כבד,31.97046,34.79581,3,3
293,24/04/2023,14:59,צהריים,ראשון לציון,עירוני בצומת,קלה,בהיר,עומס בינוני,31.97043,34.78912,2,4
294,04/03/2023,09:05,בוקר,ראשון לציון,עירוני בצומת,קלה,בהיר,עומס כבד,31.97038,34.78774,2,4
295,16/11/2023,23:00,לילה,באר שבע,עירוני בצומת,קלה,ערפל,עומס קל,31.25608,34.79368,2,3
296,14/01/2023,22:37,ערב,חיפה,עירוני לא בצומת,קלה,גשום,עומס כבד,32.79209,34.9934,3,4
297,05/03/2023,02:36,לילה,כביש 1,לא עירוני בצומת,קלה,בהיר,עומס בינוני,31.8175,34.98207,3,3
298,30/04/2023,05:00,לילה,פתח תקווה,עירוני לא בצומת,קלה,בהיר,עומס בינוני,32.08563,34.88534,2,2
299,03/11/2023,07:23,בוקר,חיפה,עירוני בצומת,קלה,בהיר,עומס קל,32.78947,34.98913,1,1
300,28/04/2023,17:58,אחר הצהריים,פתח תקווה,עירוני בצומת,קלה,גשום,עומס בינוני,32.08591,34.88339,3,4
301,27/09/2023,01:52,לילה,כביש 6,לא עירוני בצומת,קלה,בהיר,עומס קל,32.06322,35.01617,2,2
302,17/12/2023,03:28,לילה,נתניה,עירוני בצומת,קלה,בהיר,עומס בינוני,32.31741,34.84947,2,2
303,29/09/2023,15:11,צהריים,חיפה,עירוני לא בצומת,קלה,בהיר,עומס כבד,32.7976,34.99105,2,4
304,18/02/2023,14:49,צהריים,תל אביב-יפו,עירוני לא בצומת,קשה,ערפל,עומס קל,32.08801,34.77932,3,3
305,14/01/2023,12:59,צהריים,באר שבע,עירוני לא בצומת,קשה,בהיר,עומס כבד,31.25655,34.79636,2,1
306,22/06/2023,19:51,אחר הצהריים,ראשון לציון,עירוני בצומת,קלה,בהיר,עומס קל,31.96863,34.7972,3,2
307,15/04/2023,12:51,צהריים,ירושלים,עירוני לא בצומת,קלה,בהיר,עומס כבד,31.77322,35.21698,3,4
308,07/10/2023,05:24,לילה,ראשון לציון,עירוני בצומת,קלה,בהיר,עומס קל,31.97756,34.79443,1,3
309,06/06/2023,03:31,לילה,כביש 1,לא עירוני בצומת,קלה,בהיר,עומס קל,31.81815,34.99032,3,1
310,18/06/2023,02:51,לילה,כביש 6,לא עירוני בצומת,קלה,בהיר,עומס בינוני,32.06195,35.01014,1,1
311,17/08/2023,10:00,בוקר,נתניה,עירוני לא בצומת,קלה,ערפל,עומס בינוני,32.32491,34.85012,1,4
312,24/10/2023,23:08,לילה,תל אביב-יפו,עירוני בצומת,קשה,ערפל,עומס כבד,32.08831,34.78356,4,1
313,12/02/2023,11:39,בוקר,כביש 6,לא עירוני בצומת,קלה,ערפל,עומס קל,32.06569,35.01398,3,3
314,21/10/2023,15:25,צהריים,באר שבע,עירוני לא בצומת,קלה,בהיר,עומס כבד,31.25562,34.7875,1,3
315,23/01/2023,01:58,לילה,כביש 6,לא עירוני בצומת,קלה,ערפל,עומס קל,32.05938,35.01099,2,4
316,19/07/2023,06:57,בוקר,ירושלים,עירוני בצומת,קלה,בהיר,עומס כבד,31.76405,35.21243,2,2
317,27/05/2023,06:07,בוקר,באר שבע,עירוני לא בצומת,קלה,בהיר,עומס בינוני,31.25216,34.79452,2,1
318,27/05/2023,09:38,בוקר,באר שבע,עירוני לא בצומת,קלה,בהיר,עומס כבד,31.25627,34.78921,3,2
319,30/06/2023,01:18,לילה,ראשון לציון,עירוני לא בצומת,קלה,בהיר,עומס בינוני,31.96939,34.79589,2,1
320,19/04/2023,09:43,בוקר,תל אביב-יפו,עירוני בצומת,קלה,בהיר,עומס כבד,32.08924,34.77771,2,1
321,12/07/2023,05:00,לילה,אשדוד,עירוני לא בצומת,קלה,בהיר,עומס קל,31.80129,34.63977,3,2
322,18/11/2023,10:55,בוקר,ראשון לציון,עירוני בצומת,קשה,בהיר,עומס קל,31.9754,34.78945,1,4
323,02/12/2023,15:41,צהריים,אשדוד,עירוני לא בצומת,קשה,בהיר,עומס כבד,31.80426,34.64461,1,4
324,18/04/2023,16:12,אחר הצהריים,תל אביב-יפו,עירוני בצומת,קלה,ערפל,עומס כבד,32.08773,34.77984,2,1
325,02/09/2023,08:49,בוקר,כביש 1,לא עירוני לא בצומת,קשה,בהיר,עומס בינוני,31.81971,34.98081,2,2
326,01/06/2023,17:31,אחר הצהריים,ירושלים,עירוני בצומת,קשה,בהיר,עומס כבד,31.77165,35.21729,4,1
327,27/06/2023,04:58,לילה,כביש 1,לא עירוני לא בצומת,קלה,בהיר,עומס בינוני,31.81898,34.98105,2,4
328,07/11/2023,15:38,צהריים,תל אביב-יפו,עירוני בצומת,קלה,בהיר,עומס כבד,32.08964,34.78484,3,1
329,08/11/2023,17:02,אחר הצהריים,כביש 1,לא עירוני בצומת,קטלנית,בהיר,עומס כבד,31.8182,34.98657,1,1
330,26/10/2023,03:10,לילה,ירושלים,עירוני לא בצומת,קלה,בהיר,עומס כבד,31.76553,35.21864,1,4
331,10/10/2023,15:44,צהריים,פתח תקווה,עירוני בצומת,קלה,בהיר,עומס בינוני,32.08774,34.89138,1,1
332,31/07/2023,15:02,צהריים,חיפה,עירוני לא בצומת,קלה,גשום,עומס כבד,32.79898,34.98474,1,4
333,09/05/2023,03:38,לילה,נתניה,עירוני לא בצומת,קלה,גשום,עומס קל,32.31676,34.84932,2,1
334,27/02/2023,00:18,לילה,ירושלים,עירוני לא בצומת,קלה,ערפל,עומס קל,31.76441,35.21001,2,2
335,06/03/2023,11:53,בוקר,ירושלים,עירוני לא בצומת,קלה,בהיר,עומס קל,31.76463,35.2178,2,4
336,19/11/2023,10:35,בוקר,כביש 1,לא עירוני לא בצומת,קלה,בהיר,עומס כבד,31.82037,34.98874,2,2
337,26/08/2023,02:29,לילה,נתניה,עירוני בצומת,קלה,בהיר,עומס בינוני,32.31973,34.85478,3,2
338,20/05/2023,16:27,אחר הצהריים,תל אביב-יפו,עירוני בצומת,קלה,ערפל,עומס בינוני,32.08644,34.78212,1,1
339,06/01/2023,12:16,צהריים,ראשון לציון,עירוני לא בצומת,קטלנית,בהיר,עומס כבד,31.96959,34.78934,2,2
340,23/03/2023,04:13,לילה,אשדוד,עירוני בצומת,קשה,גשום,עומס כבד,31.804,34.64058,2,3
341,27/12/2023,19:15,אחר הצהריים,כביש 1,לא עירוני בצומת,קלה,בהיר,עומס בינוני,31.82032,34.9878,3,2
342,10/06/2023,21:24,ערב,פתח תקווה,עירוני בצומת,קלה,בהיר,עומס קל,32.08554,34.88749,3,4
343,01/03/2023,05:44,לילה,באר שבע,עירוני לא בצומת,קלה,בהיר,עומס בינוני,31.25153,34.78715,2,1
344,07/04/2023,05:08,לילה,כביש 6,לא עירוני לא בצומת,קלה,ערפל,עומס בינוני,32.06323,35.01651,3,4
345,20/10/2023,14:00,צהריים,באר שבע,עירוני לא בצומת,קלה,בהיר,עומס קל,31.25066,34.79622,3,2
346,09/11/2023,12:18,צהריים,אשדוד,עירוני לא בצומת,קלה,בהיר,עומס בינוני,31.80419,34.64602,1,2
347,12/03/2023,01:55,לילה,חיפה,עירוני לא בצומת,קטלנית,בהיר,עומס קל,32.79273,34.99278,2,1
348,12/04/2023,20:54,ערב,ירושלים,עירוני לא בצומת,קשה,בהיר,עומס כבד,31.77303,35.21623,4,2
349,10/02/2023,00:05,לילה,באר שבע,עירוני לא בצומת,קלה,בהיר,עומס קל,31.25214,34.79197,2,3
350,13/10/2023,16:27,אחר הצהריים,באר שבע,עירוני בצומת,קלה,גשום,עומס כבד,31.25613,34.79108,2,3
351,09/07/2023,19:12,אחר הצהריים,ירושלים,עירוני לא בצומת,קלה,בהיר,עומס בינוני,31.76733,35.216,2,1
352,28/08/2023,08:48,בוקר,חיפה,עירוני בצומת,קלה,בהיר,עומס בינוני,32.79792,34.99317,1,1
353,29/08/2023,11:57,בוקר,כביש 1,לא עירוני לא בצומת,קלה,גשום,עומס כבד,31.82025,34.98779,2,2
354,04/11/2023,04:24,לילה,באר שבע,עירוני לא בצומת,קלה,בהיר,עומס קל,31.25082,34.79384,1,3
355,10/02/2023,14:59,צהריים,באר שבע,עירוני לא בצומת,קשה,בהיר,עומס כבד,31.25745,34.78729,2,4
356,28/06/2023,09:53,בוקר,תל אביב-יפו,עירוני בצומת,קלה,בהיר,עומס כבד,32.08648,34.78608,2,4
357,01/06/2023,23:39,לילה,ראשון לציון,עירוני בצומת,קשה,גשום,עומס בינוני,31.97078,34.79081,3,4
358,13/07/2023,23:03,לילה,נתניה,עירוני לא בצומת,קלה,בהיר,עומס בינוני,32.32057,34.85356,1,2
359,03/12/2023,03:05,לילה,חיפה,עירוני לא בצומת,קלה,גשום,עומס כבד,32.78919,34.99292,2,2
360,22/09/2023,22:00,ערב,חיפה,עירוני בצומת,קשה,בהיר,עומס קל,32.79811,34.98814,3,1
361,03/05/2023,09:13,בוקר,ירושלים,עירוני בצומת,קלה,בהיר,עומס קל,31.76715,35.21365,1,2
362,26/08/2023,09:30,בוקר,כביש 1,לא עירוני לא בצומת,קלה,בהיר,עומס בינוני,31.81869,34.98842,1,3
363,11/07/2023,10:37,בוקר,כביש 6,לא עירוני בצומת,קלה,בהיר,עומס קל,32.0633,35.0135,3,4
364,26/11/2023,23:54,לילה,נתניה,עירוני לא בצומת,קלה,בהיר,עומס קל,32.31873,34.85008,1,3
365,05/07/2023,10:04,בוקר,ראשון לציון,עירוני לא בצומת,קלה,בהיר,עומס בינוני,31.97471,34.79165,2,1
366,06/02/2023,20:45,ערב,ראשון לציון,עירוני לא בצומת,קשה,בהיר,עומס קל,31.97674,34.79667,1,2
367,01/04/2023,17:44,אחר הצהריים,חיפה,עירוני בצומת,קלה,ערפל,עומס קל,32.79379,34.98675,2,3
368,18/10/2023,06:49,בוקר,תל אביב-יפו,עירוני לא בצומת,קלה,בהיר,עומס קל,32.0894,34.78532,3,1
369,21/10/2023,06:39,בוקר,נתניה,עירוני לא בצומת,קלה,בהיר,עומס קל,32.3198,34.85434,3,2
370,12/10/2023,08:54,בוקר,כביש 1,לא עירוני בצומת,קלה,גשום,עומס כבד,31.82389,34.98871,1,1
371,23/10/2023,19:58,אחר הצהריים,נתניה,עירוני בצומת,קלה,בהיר,עומס בינוני,32.31886,34.84889,1,1
372,26/06/2023,08:49,בוקר,נתניה,עירוני לא בצומת,קלה,בהיר,עומס קל,32.32382,34.85425,3,4
373,22/11/2023,00:46,לילה,ראשון לציון,עירוני לא בצומת,קלה,בהיר,עומס כבד,31.97119,34.79309,2,4
374,03/09/2023,21:36,ערב,ראשון לציון,עירוני בצומת,קלה,בהיר,עומס בינוני,31.97149,34.79673,1,4
375,23/07/2023,23:57,לילה,כביש 6,לא עירוני לא בצומת,קשה,ערפל,עומס כבד,32.05919,35.01611,2,4
376,21/05/2023,17:51,אחר הצהריים,באר שבע,עירוני בצומת,קלה,בהיר,עומס כבד,31.24855,34.79401,3,3
377,24/12/2023,23:48,לילה,כביש 1,לא עירוני בצומת,קלה,בהיר,עומס בינוני,31.82259,34.98752,1,4
378,15/09/2023,21:48,ערב,ראשון לציון,עירוני לא בצומת,קלה,בהיר,עומס כבד,31.9692,34.79738,2,4
379,15/02/2023,08:52,בוקר,חיפה,עירוני בצומת,קלה,בהיר,עומס קל,32.79181,34.99131,2,3
380,28/10/2023,08:36,בוקר,באר שבע,עירוני לא בצומת,קלה,בהיר,עומס קל,31.25045,34.78777,2,2
381,03/08/2023,14:00,צהריים,ירושלים,עירוני לא בצומת,קלה,ערפל,עומס קל,31.76834,35.21528,2,1
382,21/09/2023,00:27,לילה,פתח תקווה,עירוני בצומת,קלה,בהיר,עומס בינוני,32.08393,34.89097,3,3
383,18/02/2023,03:26,לילה,תל אביב-יפו,עירוני בצומת,קלה,ערפל,עומס כבד,32.08968,34.78129,3,3
384,14/12/2023,03:38,לילה,ראשון לציון,עירוני בצומת,קטלנית,בהיר,עומס קל,31.97297,34.78771,3,2
385,02/06/2023,16:18,אחר הצהריים,באר שבע,עירוני בצומת,קשה,בהיר,עומס קל,31.25216,34.79299,3,3
386,10/01/2023,17:53,אחר הצהריים,כביש 6,לא עירוני לא בצומת,קלה,בהיר,עומס כבד,32.06439,35.01422,2,1
387,09/02/2023,03:04,לילה,ירושלים,עירוני לא בצומת,קלה,בהיר,עומס קל,31.77118,35.21864,2,2
388,16/10/2023,11:54,בוקר,כביש 6,לא עירוני לא בצומת,קלה,בהיר,עומס בינוני,32.0645,35.01526,2,3
389,26/06/2023,16:42,אחר הצהריים,כביש 1,לא עירוני בצומת,קלה,בהיר,עומס כבד,31.81884,34.98179,2,1
390,23/10/2023,12:58,צהריים,אשדוד,עירוני בצומת,קלה,ערפל,עומס בינוני,31.8044,34.64209,3,2
391,28/01/2023,06:22,בוקר,באר שבע,עירוני בצומת,קלה,ערפל,עומס בינוני,31.25444,34.79139,3,1
392,28/06/2023,03:45,לילה,ראשון לציון,עירוני בצומת,קלה,בהיר,עומס קל,31.97299,34.79599,3,3
393,01/09/2023,00:24,לילה,ראשון לציון,עירוני בצומת,קלה,בהיר,עומס כבד,31.97765,34.78895,1,1
394,17/04/2023,02:31,לילה,כביש 6,לא עירוני לא בצומת,קשה,ערפל,עומס קל,32.06673,35.01289,4,2
395,14/12/2023,21:09,ערב,אשדוד,עירוני לא בצומת,קלה,בהיר,עומס כבד,31.80186,34.64077,3,4
396,31/01/2023,16:42,אחר הצהריים,ראשון לציון,עירוני לא בצומת,קלה,בהיר,עומס קל,31.97265,34.7946,1,2
397,01/09/2023,15:18,צהריים,ירושלים,עירוני לא בצומת,קלה,ערפל,עומס כבד,31.76655,35.20977,3,3
398,26/09/2023,21:29,ערב,אשדוד,עירוני לא בצומת,קלה,בהיר,עומס כבד,31.79843,34.64142,1,1
399,28/10/2023,12:59,צהריים,ירושלים,עירוני בצומת,קלה,בהיר,עומס כבד,31.76548,35.21567,1,1
400,07/08/2023,12:36,צהריים,ירושלים,עירוני לא בצומת,קלה,גשום,עומס קל,31.77269,35.21502,3,4
401,30/03/2023,00:54,לילה,פתח תקווה,עירוני בצומת,קלה,בהיר,עומס קל,32.08204,34.88933,2,4
402,24/03/2023,15:15,צהריים,פתח תקווה,עירוני לא בצומת,קשה,בהיר,עומס בינוני,32.08088,34.88887,2,4
403,02/11/2023,02:29,לילה,אשדוד,עירוני לא בצומת,קלה,בהיר,עומס כבד,31.8005,34.64553,1,1
404,04/05/2023,03:37,לילה,כביש 1,לא עירוני לא בצומת,קלה,בהיר,עומס בינוני,31.8236,34.98834,2,1
405,09/02/2023,10:57,בוקר,כביש 1,לא עירוני בצומת,קלה,בהיר,עומס בינוני,31.8168,34.98578,1,2
406,18/07/2023,12:33,צהריים,כביש 1,לא עירוני לא בצומת,קלה,ערפל,עומס כבד,31.82044,34.99012,1,1
407,26/01/2023,03:33,לילה,תל אביב-יפו,עירוני בצומת,קלה,בהיר,עומס בינוני,32.0853,34.7857,3,2
408,22/01/2023,22:28,ערב,כביש 1,לא עירוני לא בצומת,קשה,בהיר,עומס כבד,31.82156,34.98073,1,3
409,02/09/2023,09:41,בוקר,ראשון לציון,עירוני בצומת,קלה,בהיר,עומס כבד,31.97012,34.79678,1,2
410,14/03/2023,00:20,לילה,כביש 1,לא עירוני לא בצומת,קלה,בהיר,עומס קל,31.81963,34.98179,1,1
411,23/10/2023,19:58,אחר הצהריים,פתח תקווה,עירוני לא בצומת,קשה,בהיר,עומס כבד,32.08658,34.88604,2,2
412,28/01/2023,16:00,אחר הצהריים,תל אביב-יפו,עירוני לא בצומת,קלה,בהיר,עומס כבד,32.08226,34.77845,1,4
413,02/04/2023,18:15,אחר הצהריים,כביש 6,לא עירוני לא בצומת,קלה,בהיר,עומס בינוני,32.05901,35.01391,1,2
414,13/10/2023,12:56,צהריים,כביש 6,לא עירוני בצומת,קלה,בהיר,עומס כבד,32.06193,35.00706,3,1
415,20/10/2023,18:23,אחר הצהריים,תל אביב-יפו,עירוני בצומת,קלה,בהיר,עומס בינוני,32.09025,34.77778,3,1
416,09/09/2023,17:46,אחר הצהריים,כביש 1,לא עירוני בצומת,קלה,בהיר,עומס קל,31.82314,34.98837,1,4
417,05/12/2023,12:54,צהריים,כביש 1,לא עירוני בצומת,קלה,בהיר,עומס כבד,31.82658,34.98693,2,1
418,12/10/2023,10:40,בוקר,פתח תקווה,עירוני בצומת,קלה,בהיר,עומס כבד,32.08007,34.88541,3,1
419,01/10/2023,01:21,לילה,כביש 6,לא עירוני בצומת,קלה,בהיר,עומס בינוני,32.05978,35.01427,3,2
420,10/04/2023,08:28,בוקר,חיפה,עירוני בצומת,קלה,בהיר,עומס בינוני,32.79727,34.99338,2,3
421,03/05/2023,07:28,בוקר,ירושלים,עירוני בצומת,קלה,ערפל,עומס כבד,31.76626,35.21719,3,1
422,20/01/2023,20:32,ערב,תל אביב-יפו,עירוני בצומת,קלה,ערפל,עומס בינוני,32.08506,34.78317,2,4
423,27/06/2023,18:07,אחר הצהריים,ירושלים,עירוני בצומת,קלה,בהיר,עומס בינוני,31.77283,35.21753,1,2
424,23/03/2023,07:43,בוקר,ירושלים,עירוני בצומת,קלה,בהיר,עומס כבד,31.77309,35.21044,3,3
425,25/06/2023,21:26,ערב,ראשון לציון,עירוני בצומת,קלה,בהיר,עומס קל,31.97088,34.79656,3,3
426,08/06/2023,16:50,אחר הצהריים,ירושלים,עירוני בצומת,קלה,גשום,עומס כבד,31.7645,35.21629,1,2
427,14/05/2023,03:38,לילה,כביש 6,לא עירוני בצומת,קלה,בהיר,עומס כבד,32.06087,35.01152,1,3
428,03/03/2023,16:26,אחר הצהריים,ירושלים,עירוני לא בצומת,קשה,בהיר,עומס בינוני,31.76341,35.2127,1,2
429,13/04/2023,06:33,בוקר,ראשון לציון,עירוני לא בצומת,קלה,ערפל,עומס קל,31.97697,34.78804,2,1
430,21/06/2023,10:34,בוקר,כביש 6,לא עירוני לא בצומת,קלה,גשום,עומס קל,32.05959,35.01198,3,2
431,23/11/2023,17:57,אחר הצהריים,נתניה,עירוני בצומת,קלה,בהיר,עומס בינוני,32.32334,34.84996,1,2
432,09/12/2023,21:08,ערב,כביש 1,לא עירוני בצומת,קלה,בהיר,עומס כבד,31.82008,34.99003,1,1
433,21/01/2023,03:33,לילה,ירושלים,עירוני לא בצומת,קשה,בהיר,עומס קל,31.76627,35.21565,3,2
434,15/08/2023,23:50,לילה,ראשון לציון,עירוני בצומת,קלה,בהיר,עומס קל,31.97374,34.79236,1,2
435,23/03/2023,12:59,צהריים,נתניה,עירוני בצומת,קשה,גשום,עומס קל,32.32437,34.85377,3,4
436,23/06/2023,00:14,לילה,נתניה,עירוני בצומת,קלה,בהיר,עומס קל,32.31974,34.85452,2,3
437,26/12/2023,23:06,לילה,כביש 1,לא עירוני בצומת,קלה,גשום,עומס כבד,31.81814,34.98706,1,2
438,12/02/2023,23:03,לילה,ירושלים,עירוני לא בצומת,קלה,בהיר,עומס כבד,31.76837,35.20965,2,4
439,03/02/2023,20:03,ערב,כביש 6,לא עירוני בצומת,קשה,בהיר,עומס בינוני,32.06566,35.00921,1,2
440,01/11/2023,12:28,צהריים,כביש 6,לא עירוני לא בצומת,קלה,גשום,עומס בינוני,32.06609,35.01062,3,4
441,18/12/2023,18:00,אחר הצהריים,פתח תקווה,עירוני לא בצומת,קשה,בהיר,עומס קל,32.08816,34.89182,4,3
442,07/08/2023,16:06,אחר הצהריים,באר שבע,עירוני בצומת,קלה,בהיר,עומס קל,31.25117,34.79076,2,2
443,12/12/2023,23:36,לילה,אשדוד,עירוני לא בצומת,קשה,בהיר,עומס בינוני,31.79851,34.64723,1,1
444,16/10/2023,11:01,בוקר,כביש 1,לא עירוני לא בצומת,קלה,בהיר,עומס כבד,31.8223,34.99004,3,4
445,02/11/2023,20:00,ערב,כביש 6,לא עירוני בצומת,קלה,בהיר,עומס בינוני,32.06215,35.01352,1,2
446,05/11/2023,11:57,בוקר,ראשון לציון,עירוני בצומת,קשה,בהיר,עומס קל,31.97169,34.7921,2,1
447,06/09/2023,15:18,צהריים,כביש 6,לא עירוני בצומת,קשה,בהיר,עומס כבד,32.05862,35.01028,4,3
448,28/01/2023,17:45,אחר הצהריים,אשדוד,עירוני בצומת,קלה,ערפל,עומס קל,31.79665,34.64354,2,4
449,02/01/2023,14:32,צהריים,אשדוד,עירוני לא בצומת,קשה,בהיר,עומס בינוני,31.79798,34.6472,3,2
450,08/09/2023,21:37,ערב,כביש 6,לא עירוני בצומת,קלה,בהיר,עומס קל,32.06345,35.00756,2,3
451,03/11/2023,05:38,לילה,נתניה,עירוני בצומת,קטלנית,גשום,עומס קל,32.32555,34.84903,2,2
452,13/04/2023,16:11,אחר הצהריים,כביש 1,לא עירוני לא בצומת,קלה,בהיר,עומס בינוני,31.81725,34.98584,1,2
453,23/04/2023,16:12,אחר הצהריים,ראשון לציון,עירוני לא בצומת,קשה,גשום,עומס קל,31.9727,34.79029,1,4
454,23/09/2023,16:24,אחר הצהריים,ראשון לציון,עירוני לא בצומת,קטלנית,בהיר,עומס כבד,31.97522,34.79713,3,4
455,14/03/2023,02:06,לילה,חיפה,עירוני לא בצומת,קשה,בהיר,עומס כבד,32.79031,34.98896,3,4
456,15/07/2023,17:06,אחר הצהריים,פתח תקווה,עירוני בצומת,קשה,בהיר,עומס קל,32.08821,34.88879,2,2
457,24/03/2023,19:38,אחר הצהריים,באר שבע,עירוני לא בצומת,קלה,בהיר,עומס כבד,31.25164,34.78722,2,4
458,13/05/2023,02:14,לילה,פתח תקווה,עירוני בצומת,קשה,בהיר,עומס בינוני,32.07915,34.88702,1,4
459,20/02/2023,08:00,בוקר,באר שבע,עירוני לא בצומת,קלה,בהיר,עומס קל,31.25496,34.78808,2,4
460,02/03/2023,05:24,לילה,ראשון לציון,עירוני לא בצומת,קלה,בהיר,עומס כבד,31.96951,34.79294,2,4
461,07/01/2023,00:32,לילה,חיפה,עירוני לא בצומת,קלה,בהיר,עומס בינוני,32.79234,34.98877,3,4
462,04/06/2023,23:29,לילה,כביש 1,לא עירוני בצומת,קלה,בהיר,עומס קל,31.8225,34.98624,2,1
463,14/06/2023,09:30,בוקר,תל אביב-יפו,עירוני בצומת,קלה,בהיר,עומס בינוני,32.08438,34.77888,2,3
464,28/03/2023,13:52,צהריים,חיפה,עירוני לא בצומת,קלה,ערפל,עומס קל,32.79479,34.98536,3,1
465,19/11/2023,23:43,לילה,באר שבע,עירוני בצומת,קשה,בהיר,עומס כבד,31.2524,34.79075,4,4
466,19/08/2023,16:19,אחר הצהריים,ירושלים,עירוני לא בצומת,קלה,בהיר,עומס בינוני,31.7659,35.21096,1,4
467,08/09/2023,21:37,ערב,כביש 1,לא עירוני בצומת,קלה,בהיר,עומס כבד,31.81786,34.98753,3,2
468,22/04/2023,14:48,צהריים,כביש 6,לא עירוני לא בצומת,קלה,בהיר,עומס בינוני,32.06549,35.01088,2,1
469,11/03/2023,09:16,בוקר,חיפה,עירוני לא בצומת,קלה,בהיר,עומס בינוני,32.79371,34.98671,3,1
470,12/04/2023,21:47,ערב,פתח תקווה,עירוני בצומת,קלה,בהיר,עומס קל,32.08576,34.88958,2,1
471,09/11/2023,04:25,לילה,פתח תקווה,עירוני לא בצומת,קלה,גשום,עומס כבד,32.07939,34.89172,1,3
472,20/01/2023,10:01,בוקר,תל אביב-יפו,עירוני לא בצומת,קלה,ערפל,עומס כבד,32.08033,34.77944,1,1
473,01/12/2023,20:25,ערב,כביש 1,לא עירוני לא בצומת,קלה,גשום,עומס קל,31.82552,34.98285,3,2
474,28/05/2023,16:17,אחר הצהריים,באר שבע,עירוני לא בצומת,קלה,ערפל,עומס בינוני,31.24921,34.79578,3,4
475,21/04/2023,02:53,לילה,נתניה,עירוני בצומת,קלה,בהיר,עומס בינוני,32.32351,34.85342,2,4
476,25/05/2023,16:27,אחר הצהריים,תל אביב-יפו,עירוני בצומת,קלה,בהיר,עומס בינוני,32.08672,34.78532,1,4
477,24/08/2023,15:27,צהריים,כביש 1,לא עירוני לא בצומת,קלה,בהיר,עומס כבד,31.82466,34.98441,2,4
478,07/09/2023,13:12,צהריים,נתניה,עירוני לא בצומת,קלה,בהיר,עומס בינוני,32.32195,34.85231,3,1
479,27/07/2023,08:33,בוקר,באר שבע,עירוני לא בצומת,קלה,בהיר,עומס בינוני,31.25688,34.78712,3,2
480,26/03/2023,10:11,בוקר,ירושלים,עירוני לא בצומת,קלה,בהיר,עומס קל,31.76555,35.21135,2,1
481,30/08/2023,08:59,בוקר,כביש 1,לא עירוני בצומת,קשה,בהיר,עומס קל,31.82003,34.98285,4,4
482,24/01/2023,22:39,ערב,פתח תקווה,עירוני בצומת,קלה,בהיר,עומס בינוני,32.08798,34.88498,3,1
483,18/07/2023,01:10,לילה,פתח תקווה,עירוני בצומת,קלה,ערפל,עומס בינוני,32.08391,34.88431,3,1
484,28/06/2023,18:38,אחר הצהריים,אשדוד,עירוני לא בצומת,קשה,בהיר,עומס בינוני,31.79982,34.63943,4,2
485,14/12/2023,07:08,בוקר,ירושלים,עירוני בצומת,קלה,בהיר,עומס כבד,31.7713,35.21008,2,2
486,27/06/2023,11:06,בוקר,אשדוד,עירוני לא בצומת,קשה,ערפל,עומס קל,31.80624,34.64438,4,1
487,26/10/2023,07:32,בוקר,באר שבע,עירוני לא בצומת,קלה,בהיר,עומס בינוני,31.24791,34.78813,3,1
488,20/01/2023,18:47,אחר הצהריים,כביש 1,לא עירוני בצומת,קלה,בהיר,עומס בינוני,31.82133,34.98512,2,4
489,06/07/2023,00:58,לילה,פתח תקווה,עירוני לא בצומת,קשה,בהיר,עומס כבד,32.08765,34.892,4,2
490,17/02/2023,09:55,בוקר,אשדוד,עירוני לא בצומת,קלה,בהיר,עומס כבד,31.8015,34.63874,1,1
491,17/05/2023,06:59,בוקר,באר שבע,עירוני בצומת,קלה,בהיר,עומס כבד,31.24922,34.78787,2,1
492,23/06/2023,08:07,בוקר,ירושלים,עירוני לא בצומת,קלה,גשום,עומס קל,31.76627,35.21113,3,2
493,24/12/2023,09:47,בוקר,נתניה,עירוני בצומת,קשה,בהיר,עומס בינוני,32.31787,34.85046,1,3
494,17/09/2023,10:36,בוקר,אשדוד,עירוני בצומת,קלה,בהיר,עומס כבד,31.79991,34.64513,3,2
495,28/11/2023,05:42,לילה,פתח תקווה,עירוני בצומת,קשה,ערפל,עומס כבד,32.08717,34.89034,1,1
496,07/11/2023,04:14,לילה,באר שבע,עירוני בצומת,קלה,ערפל,עומס קל,31.25183,34.78702,3,3
497,24/05/2023,11:33,בוקר,באר שבע,עירוני לא בצומת,קשה,בהיר,עומס כבד,31.2515,34.7882,3,4
498,12/06/2023,04:56,לילה,כביש 1,לא עירוני בצומת,קשה,בהיר,עומס כבד,31.82456,34.98049,2,4
499,19/04/2023,22:51,ערב,נתניה,עירוני לא בצומת,קלה,גשום,עומס קל,32.3172,34.85592,3,1
500,30/06/2023,11:49,בוקר,כביש 6,לא עירוני לא בצומת,קטלנית,בהיר,עומס כבד,32.05808,35.00897,5,4
